LoanAmount,BusinessName,Address,City,State,Zip,NAICSCode,BusinessType,RaceEthnicity,Gender,Veteran,NonProfit,JobsReported,DateApproved,Lender,CD
64857,"ABCE'S CLOSET, LLC",5616 E Broadway Blvd,TUCSON,AK,85711,999990,Limited  Liability Company(LLC),Unanswered,Female Owned,Non-Veteran,,15,5/1/2020,"JPMorgan Chase Bank, National Association",AZ-02
32500,ASSOCIATED ENTERPRISES INC,102-B BankPacific Bldg 166 W.Marine Dr,Dededo,AK,96929,,Subchapter S Corporation,Unanswered,Unanswered,Unanswered,,2,5/1/2020,WebBank,GU-
21752,LMK HOSPITALITY LLC,2408 E. 64th Ave.,ANCHORAGE,AK,99507,721110,Limited  Liability Company(LLC),Asian,Female Owned,Non-Veteran,,5,4/27/2020,"SouthTrust Bank, National Association",TX-15
11497,IVEY WELCH DBA NONE,209 COSGROVE DRIVE,MOBILE,AK,36608,,Sole Proprietorship,Unanswered,Unanswered,Unanswered,,1,5/1/2020,Hancock Whitney Bank,AL-01
116795,HARRISON-BAUER CORPORATION,195 Clyde Ave,Jamestown,AL,14701,,,Unanswered,Unanswered,Unanswered,,35,5/1/2020,KeyBank National Association,NY-23
83647.5,RED HEAD ENTERPRISES LLC,2699 Sandlin Rd #A-1,Decatur,AL,35607,561499,Limited  Liability Company(LLC),Unanswered,Unanswered,Unanswered,,22,5/1/2020,Synovus Bank,
58000,AMERICAN FLUID POWER INC,144 Reaser Ct,elyria,AL,44035,333517,,Unanswered,Unanswered,Unanswered,,6,5/1/2020,KeyBank National Association,OH-07
52200,BRAXTON FAMILY L.L.C.,825 Harvey Rd Ne,Auburn,AL,98002,561499,Limited  Liability Company(LLC),Unanswered,Unanswered,Unanswered,,14,5/1/2020,KeyBank National Association,WA-08
48750,"JPM ENTERPRISES, LLC",404 Princetown Rd,Rotterdam,AL,12306,,,Unanswered,Unanswered,Unanswered,,11,5/1/2020,KeyBank National Association,NY-20
44900,ST COLUMBA ROMAN CATHOLIC CHURCH,27 High Street,Chester,AL,10918,,Non-Profit Organization,Unanswered,Unanswered,Unanswered,Y,10,5/1/2020,KeyBank National Association,NY-18
38750,D &AMP; S HAIRCUTTERS INC.,4908 State Highway 30,Amsterdam,AL,12010,812112,Subchapter S Corporation,Unanswered,Unanswered,Unanswered,,12,5/1/2020,KeyBank National Association,NY-20
26790,S. LEE PAKE DBA PAKE REALTY,2609 University Blvd,Tuscaloosa,AL,30240,,Sole Proprietorship,Unanswered,Unanswered,Unanswered,,5,5/1/2020,Synovus Bank,GA-03
21500,"DGM HAIRCUTTERS, INC",1879 Altamont Ave,Rotterdam,AL,12303,812112,Subchapter S Corporation,Unanswered,Unanswered,Unanswered,,8,5/1/2020,KeyBank National Association,NY-20
20879.82,"ROSEMARIE CAILLIER, DPM, PC",2002 McFarland Blvd. Suite 207,Tuscaloosa,AL,65404,621391,Subchapter S Corporation,Unanswered,Unanswered,Unanswered,,4,5/1/2020,Synovus Bank,
20878.32,ADDITIVE MANUFACTURING &AMP; ENGINEERING INC,128 Hall Bryant Circle,Huntsville,AL,35086,339999,Subchapter S Corporation,Unanswered,Male Owned,Unanswered,,3,5/1/2020,Synovus Bank,
19073.37,GENETMOORE DBA GENETMOORE @ LAW,1802 15TH ST,TUSCALOOSA,AL,35410,,Subchapter S Corporation,Unanswered,Unanswered,Unanswered,,7,5/1/2020,Synovus Bank,
16165,"BRUCO II, INC.",286 west columbus ave,corry,AL,16407,445310,Subchapter S Corporation,Unanswered,Unanswered,Unanswered,,2,5/1/2020,KeyBank National Association,PA-16
15125,MARKET AUTO TRUCK COLLISION CORPORATION,140 SAN JOSE AVE,SAN JOSE,AL,95125,811121,Corporation,Unanswered,Unanswered,Unanswered,,2,5/1/2020,WebBank,CA-19
13411,"V ENTERPRISES, LLC",123 West Indiana Avenue,Perrysburg,AL,43551,448120,Limited  Liability Company(LLC),Unanswered,Unanswered,Unanswered,,2,5/1/2020,KeyBank National Association,OH-05
4512,THOMPSON DENTAL HYGIENE,65975 ROBBINS RD,STOCKTON,AL,35679,,Sole Proprietorship,Unanswered,Unanswered,Unanswered,,,5/1/2020,"Wells Fargo Bank, National Association",
3750,"ROBERTA J. BAHAKEL, PC","2439 Lancaster Circle, Suite 200",Bimringham,AL,3542,541110,Subchapter S Corporation,Unanswered,Unanswered,Unanswered,,1,5/1/2020,Synovus Bank,
3578.12,VIRGINIA F MATHIS,330 Forestdale Drive,Jasper,AL,35001,,Sole Proprietorship,Unanswered,Unanswered,Unanswered,,1,5/1/2020,Synovus Bank,
1985,"INNER STRENGTH MARTIAL ARTS ACADEMY, LLC",9120 AIRPORT BLVD STE H,MOBILE,AL,36508,611620,Corporation,Unanswered,Unanswered,Unanswered,,3,5/1/2020,Hancock Whitney Bank,
295.2,GARY M ROPER JR DBA ALPHA CANOPY,3503 Hilltop Circle,TRUSSVILLE,AL,35173,,Self-Employed Individuals,Unanswered,Unanswered,Unanswered,,1,5/1/2020,Synovus Bank,
66250,BARNEY BELLECI DBA STATE FARM,26555 CARMEL RANCHO BLVD,CARMEL,AR,93923,,Sole Proprietorship,Unanswered,Unanswered,Unanswered,,8,5/1/2020,"MUFG Union Bank, National Association",CA-20
52800,"QUICK CASH OF MISSOURI, LLC",1202 SHIPLEY ST,SPRINGDALE,AR,72764,522291,Subchapter S Corporation,White,Male Owned,Unanswered,,8,4/15/2020,First State Bank,MO-07
35300,"SWANSEA QUICK CASH, INC",1202 SHIPLEY ST,SPRINGDALE,AR,72764,522291,Subchapter S Corporation,White,Male Owned,Unanswered,,4,4/9/2020,First State Bank,IL-12
29664.17,TEXARKANA RESALE LLC,P O BOX 777,ROGERS,AR,72757,453310,Limited  Liability Company(LLC),Unanswered,Unanswered,Unanswered,,12,4/14/2020,United Bank,TX-04
27186.87,HEALTH AND WELLNESS BOTANICALS LLC,18237 N. 57th Ave.,Glendale,AR,85308,446191,Limited  Liability Company(LLC),Unanswered,Unanswered,Unanswered,,4,5/1/2020,Celtic Bank Corporation,AZ-08
26600,"CQC, INC",1202 SHIPLEY ST,SPRINGDALE,AR,72764,522291,Subchapter S Corporation,White,Female Owned,Unanswered,,3,4/9/2020,First State Bank,IL-12
24600,"QUICK CASH OF ILLINOIS, INC.",1202 SHIPLEY ST,SPRINGDALE,AR,72764,522291,Subchapter S Corporation,White,Male Owned,Unanswered,,5,4/15/2020,First State Bank,IL-13
17400,"TQC, INC.",1202 Shipley Street,SPRINGDALE,AR,72764,522291,Subchapter S Corporation,White,Female Owned,Unanswered,,3,4/9/2020,First State Bank,MS-02
9100,"HIGHLAND QUICK  CASH, INC.",1202 SHIPLEY ST,SPRINGDALE,AR,72764,522291,Subchapter S Corporation,White,Male Owned,Unanswered,,3,4/15/2020,First State Bank,IL-15
8900,"KILLER B TRANSPORT, INC.",1540 Birchwood Lane,GREENWOOD,AR,72936,488510,Subchapter S Corporation,White,Male Owned,Unanswered,,2,4/14/2020,First State Bank,WY-
4240,TRIPLE J WELDING,3102-6 East McKenzie Avenue,Pocola,AR,74902,811118,Sole Proprietorship,White,Male Owned,Non-Veteran,,2,4/28/2020,Farmers Bank,OK-02
89900,"WORKAMERICA, INC.",13901 N PROSPECT TRL,FOUNTAIN HILLS,AZ,85268,424320,Subchapter S Corporation,Unanswered,Unanswered,Unanswered,,9,4/9/2020,KeyBank National Association,PA-18
86400,AP WAX IV LLC,PO BOX 1179,CAREFREE,AZ,85377,812112,Limited  Liability Company(LLC),Hispanic,Male Owned,Non-Veteran,,14,4/9/2020,"BankUnited, National Association",FL-07
80745,"JORGENSEN HEALTHCARE ASSOCIATES, INC.",7467 N. ORACLE ROAD,TUCSON,AZ,84704,999990,Corporation,Unanswered,Unanswered,Unanswered,,,5/1/2020,"Wells Fargo Bank, National Association",
60105,SHAWN THOMPSON LLC,7138 E. Highway 60,GOLD CANYON,AZ,85218,999990,Limited  Liability Company(LLC),Unanswered,Unanswered,Unanswered,,15,5/1/2020,"JPMorgan Chase Bank, National Association",
51890,RANDALL PETERSON INSURANCE AGENCY,1000 W APACHE TRL,APACHE JUNCTION,AZ,85220,,Corporation,Unanswered,Unanswered,Unanswered,,5,5/1/2020,"JPMorgan Chase Bank, National Association",
49950,MAYA &AMP; BROTHERS L.L.C. DBA GROWING STEPS CHILDCARE &AMP;,311 SW Water St,PEORIA,AZ,61602,,Limited  Liability Company(LLC),Unanswered,Unanswered,Unanswered,,12,5/1/2020,"JPMorgan Chase Bank, National Association",IL-17
47900,ALL STAR TREE SERVICE LLC,3123 W 1st Street,Yuma,AZ,95364,561730,Limited  Liability Company(LLC),Unanswered,Unanswered,Unanswered,,9,5/1/2020,"Zions Bank, A Division of",CA-04
42990,"IRON BULL BUMPERS, LLC",11484 N CORDELL ST,CASA GRANDE,AZ,85294,423120,Limited  Liability Company(LLC),Unanswered,Unanswered,Unanswered,,6,5/1/2020,"JPMorgan Chase Bank, National Association",
41675,THE ORIGINAL GRAND CANYON JEEP TOURS INC,12 Cougar Dr,Grand Canyon,AZ,86026,713990,Corporation,Unanswered,Unanswered,Unanswered,,10,5/1/2020,WebBank,
38926,UNCLE SHADY'S LLC,2701 E INDIAN SCHOOL RD,PHOENIX,AZ,85106,722410,Limited  Liability Company(LLC),Unanswered,Unanswered,Unanswered,,,5/1/2020,"Wells Fargo Bank, National Association",
34200,LUCYS PLACE LLC,3020 n highway 89,chino valley,AZ,86232,,Limited  Liability Company(LLC),Unanswered,Unanswered,Unanswered,,7,5/1/2020,"Zions Bank, A Division of",
31845,"CALL REALTY, INC.",2168 E. Williams Field Road,GILBERT,AZ,92078,531210,Corporation,Unanswered,Unanswered,Unanswered,,0,5/1/2020,"JPMorgan Chase Bank, National Association",CA-50
26522,CINCO PESOS INC,5321 S Superstition Mnt,GOLD CANYON,AZ,85219,999990,Corporation,Unanswered,Unanswered,Unanswered,,10,5/1/2020,"JPMorgan Chase Bank, National Association",
26265,HA!BANERO MEXICAN FOOD LLC,6555 E Southern Ave,MESA,AZ,,722511,Limited  Liability Company(LLC),Unanswered,Unanswered,Unanswered,,8,5/1/2020,"JPMorgan Chase Bank, National Association",
17784,HINDOCHA &AMP; SOMAIYA PARTNERSHIP DBA TOPAZ,10929 E APACHE TRAIL,APACHE JUNCTION,AZ,85220,,Partnership,Unanswered,Unanswered,Unanswered,,,5/1/2020,"Wells Fargo Bank, National Association",
16250,"ROADS OF HOPE, INC.",378 BARNDLING STREET,FAIRHOPE,AZ,36532,,Non-Profit Organization,Unanswered,Unanswered,Unanswered,Y,1,5/1/2020,Hancock Whitney Bank,AL-01
15873,KPD INVESTMENTS LLC,15653 N REEMS RD STE 108,SURPRISE,AZ,88537,523130,Limited  Liability Company(LLC),Unanswered,Unanswered,Unanswered,,,5/1/2020,"Wells Fargo Bank, National Association",
8500,"AMERICAN WANDERLOVE, LLC",2885 E. GANLEY ROAD,TUCSON,AZ,86706,999990,Limited  Liability Company(LLC),Unanswered,Unanswered,Unanswered,,3,5/1/2020,"Zions Bank, A Division of",
6250,TRIPLE TEE INC,1030 E LAKEVIEW DR,QUEEN CREEK,AZ,85243,999990,Subchapter S Corporation,Unanswered,Unanswered,Unanswered,,1,5/1/2020,"JPMorgan Chase Bank, National Association",
5832,DOCTOR RESTORATION INC,25616 S 182ND PL,QUEEN CREEK,AZ,85242,238990,Subchapter S Corporation,Unanswered,Unanswered,Unanswered,,1,5/1/2020,"JPMorgan Chase Bank, National Association",
5000,PATI P. PHOTOGRAPHY,3219 E. Redwood Lane,Phoenix,AZ,85058,,Limited  Liability Company(LLC),Unanswered,Unanswered,Unanswered,,1,5/1/2020,WebBank,
4198.81,ABNEL DESHOMMES,933 Louise Ave,Charlotte,AZ,28204,,Self-Employed Individuals,Unanswered,Unanswered,Unanswered,,,5/1/2020,Celtic Bank Corporation,NC-12
134691,SAI GLOBAL MUSIC LLC,47631 HOYT STREET,FREMONT,CA,94359,999990,Limited  Liability Company(LLC),Unanswered,Female Owned,Non-Veteran,,,5/1/2020,"Wells Fargo Bank, National Association",
115530,RESTAURANT KIYONO INC.,255 SOUTH BEVERLY DRIVE,BEVERLY HILLS,CA,98212,722511,Corporation,Unanswered,Unanswered,Unanswered,,16,5/1/2020,"MUFG Union Bank, National Association",
112604,PACIFIC COAST LANDSCAPING,3730 W. Commonwealth Ave,Fullerton,CA,92633,541320,Self-Employed Individuals,Unanswered,Unanswered,Unanswered,,12,5/1/2020,Customers Bank,
109461,BADII LLC,500 E COTATI AVE,COTATI,CA,94926,,Limited  Liability Company(LLC),Unanswered,Unanswered,Unanswered,,,5/1/2020,"Wells Fargo Bank, National Association",
106200,"JARED T. LEE, DDS, MS, A PROFESSIONAL DENTAL CORPORATION",800 E Main St. Suite A,Santa Paula,CA,84124,,Subchapter S Corporation,Unanswered,Male Owned,Non-Veteran,,6,5/1/2020,"Zions Bank, A Division of",UT-04
100800,GLENDALE HOTEL LLC,10807 LAUREL ST #100,RANCHO CUCAMONGA,CA,91730,721110,Limited  Liability Company(LLC),Asian,Male Owned,Non-Veteran,,18,4/28/2020,Bank of Hope,WI-04
100700,KELLY AUTOWORKS INC,1641 N Magnolia Ave,El Cajon,CA,92,811111,Corporation,Unanswered,Male Owned,Unanswered,,10,5/1/2020,"Zions Bank, A Division of",
97425,"HIGH VELOCITY RESTORATION, INC.",7314 E. Petterson Ln.,PARAMOUNT,CA,90273,,Corporation,Unanswered,Unanswered,Unanswered,,8,5/1/2020,"JPMorgan Chase Bank, National Association",
93750,"ART N FUN STUDIO, INC",N/A,N/A,CA,,712110,Corporation,Unanswered,Female Owned,Non-Veteran,,15,5/1/2020,"JPMorgan Chase Bank, National Association",
88018,AUTISM CENTER OF NORTHERN CALIFORNIA,870 MARKET STREET,SAN FRANCISCO,CA,94012,624190,Non-Profit Organization,Unanswered,Unanswered,Unanswered,Y,,5/1/2020,"Wells Fargo Bank, National Association",
87500,BREEZE-FREE INC,6023 188TH ST SE,SNOHOMISH,CA,98296,444110,Corporation,Unanswered,Unanswered,Unanswered,,8,5/1/2020,"MUFG Union Bank, National Association",WA-01
85600,NAPERVILLE HOTEL LLC,10807 Lauren St. #100,RANCHO CUCAMONGA,CA,91730,721110,Limited  Liability Company(LLC),Unanswered,Unanswered,Unanswered,,27,4/28/2020,Bank of Hope,IL-06
85472,"JOSEPH L. MCQUIRTER, DDS, INC.","2690 PACIFIC AVE, STE 250",LONG BEACH,CA,90806,621210,Corporation,Unanswered,Unanswered,Unanswered,,9,5/1/2020,"MUFG Union Bank, National Association",
82400,MADISON HOTEL LLC,10807 LAUREL ST #100,RANCHO CUCAMONGA,CA,91730,721110,Limited  Liability Company(LLC),Unanswered,Unanswered,Unanswered,,15,4/28/2020,Bank of Hope,WI-02
78816,RIDGE ENERGY SERVICES,14265 CACHEVILLE ROAD,YOLO,CA,95657,999990,Corporation,Unanswered,Unanswered,Unanswered,,,5/1/2020,"Wells Fargo Bank, National Association",
77003,HILDERBRAND &AMP; CLARK CPA,3180 CROW CANYON PLACE #101,SAN RAMON,CA,94883,,Corporation,Unanswered,Unanswered,Unanswered,,,5/1/2020,"Wells Fargo Bank, National Association",
74962,TEAM ONE NETWORKING INC,7621 GALILEE ROAD,ROSEVILLE,CA,95766,541512,Corporation,Unanswered,Unanswered,Veteran,,,5/1/2020,"Wells Fargo Bank, National Association",
74119,SEASHINE PROPERTY SERVICES INC,4 PARK PLAZA,IRVINE,CA,96214,,Corporation,Unanswered,Unanswered,Unanswered,,,5/1/2020,"Wells Fargo Bank, National Association",AP-
68945,KATHLEEN S. LIM DDS &#X26; MICHAEL J MCCARTNEY DDS,18102 IRVINE BLVD STE 101,TUSTIN,CA,92750,,Limited Liability Partnership,Unanswered,Unanswered,Unanswered,,7,5/1/2020,"MUFG Union Bank, National Association",
67877,SOZINHO DAIRY #5,11447 8.5 AVE,HANFORD,CA,93233,561499,Corporation,Unanswered,Unanswered,Unanswered,,,5/1/2020,"Wells Fargo Bank, National Association",
67500,"CARL LLOYD SHEELER, PHD",2725 COUNTY ROAD 250,DURANGO,CA,81301,,,Unanswered,Male Owned,Non-Veteran,,6,5/1/2020,TCF National Bank,CO-03
66368,SYNAPSE GROUP CORPORATION,1 MARKET ST.,SAN FRANCISCO,CA,95105,541511,Corporation,Unanswered,Unanswered,Unanswered,,,5/1/2020,"Wells Fargo Bank, National Association",
64314,"DIAMOND S DAIRY,  INC",11447 8.5 AVE,HANFORD,CA,93233,112120,Corporation,Unanswered,Unanswered,Unanswered,,,5/1/2020,"Wells Fargo Bank, National Association",
63700,HOLIDAY SKATE CENTER LLC,175 N Wayfield,Orange,CA,92876,713940,Limited  Liability Company(LLC),Unanswered,Unanswered,Unanswered,,21,5/1/2020,"Zions Bank, A Division of",
61540,HCT SUN LLC,28821 SEQUAN LANE,PINE VALLEY,CA,91952,812112,Limited  Liability Company(LLC),Unanswered,Unanswered,Unanswered,,,5/1/2020,"Wells Fargo Bank, National Association",
61472,C2 RESEARCH INC.,119 pondfield road,BRONXVILLE,CA,10708,541613,Subchapter S Corporation,Unanswered,Unanswered,Unanswered,,7,5/1/2020,"JPMorgan Chase Bank, National Association",NY-16
61253,A&H PARTY RENTALS,10241 Hole Ave,Riverside,CA,92053,532490,Corporation,Unanswered,Unanswered,Unanswered,,11,5/1/2020,Customers Bank,
60000,BERKELEY STANDARD,2084 E. Francis st,ONTARIO,CA,91761,999990,Corporation,Unanswered,Unanswered,Unanswered,,4,5/1/2020,"JPMorgan Chase Bank, National Association",
57950,PARAMOUNT ELITE GYMNASTICS LLC,N/A,N/A,CA,,611620,Limited  Liability Company(LLC),Unanswered,Unanswered,Unanswered,,16,5/1/2020,"JPMorgan Chase Bank, National Association",
54362,ENSLE TECH INC DBA PHONES PLUS OF AZ,2675 W. Ray Rd.,CHANDLER,CA,85224,238210,Corporation,Unanswered,Unanswered,Unanswered,,6,5/1/2020,"JPMorgan Chase Bank, National Association",AZ-09
50000,STEVE C YUN MD INC,N/A,N/A,CA,,621111,Subchapter S Corporation,Unanswered,Unanswered,Unanswered,,1,5/1/2020,"JPMorgan Chase Bank, National Association",
50000,CITY TRANS INC,N/A,N/A,CA,,485320,Corporation,Unanswered,Unanswered,Unanswered,,12,5/1/2020,"JPMorgan Chase Bank, National Association",
50000,MORANS CUSTOMER KITCHEN INC,14122 ORANGE AVE,PARAMOUNT,CA,95723,,Corporation,Unanswered,Unanswered,Unanswered,,5,5/1/2020,"MUFG Union Bank, National Association",
48185,CLEAN SWEEP GROUP INC,15031 RINALDI ST,MISSION HILLS,CA,91435,561720,Corporation,Unanswered,Unanswered,Unanswered,,,5/1/2020,"Wells Fargo Bank, National Association",
48128,LIVING SOLUTIONS LLC,4137 MARAEILLE COURT,ELK GROVE,CA,95785,,Limited  Liability Company(LLC),Unanswered,Unanswered,Unanswered,,,5/1/2020,"Wells Fargo Bank, National Association",
47250,GRISELDA CONTRERAS,N/A,N/A,CA,,,Sole Proprietorship,Unanswered,Unanswered,Unanswered,,8,5/1/2020,"JPMorgan Chase Bank, National Association",
45833,BSH CONSULTING GROUP INC,5318 E. 2ND STREET,LONG BEACH,CA,94227,541618,Corporation,Unanswered,Unanswered,Unanswered,,,5/1/2020,"Wells Fargo Bank, National Association",
44500,KELLYS PUB EAST  INC,719 east bradley ave,elcajon,CA,92921,,Corporation,Unanswered,Unanswered,Unanswered,,8,5/1/2020,"Zions Bank, A Division of",
41667,BAY PACK II INC,5473 PIPER LANE,OAKLEY,CA,91561,,Corporation,Unanswered,Unanswered,Unanswered,,,5/1/2020,"Wells Fargo Bank, National Association",
39477,ROMULO MENDIVIL DBA ROMMY'S KITCHEN &#X26; CLOSETS BY DESIGN,2260 MAIN ST STE 7,CHULA VISTA,CA,91991,,Sole Proprietorship,Unanswered,Unanswered,Unanswered,,18,5/1/2020,"MUFG Union Bank, National Association",
38703,CENTRO MEDICO SU SALUD,9449 FIRESTONE BLVD,DOWNEY,CA,90271,621111,Corporation,Unanswered,Unanswered,Unanswered,,,5/1/2020,"Wells Fargo Bank, National Association",
37627,PUNTA SAN CARLOS INC.,24145 Minnetonka Lane,Lake Forest,CA,92640,561510,Corporation,Unanswered,Male Owned,Non-Veteran,,3,5/1/2020,WebBank,
37500,RA POWER AND LIGHT LLC,N/A,N/A,CA,,541690,Limited  Liability Company(LLC),Unanswered,Unanswered,Unanswered,,0,5/1/2020,"JPMorgan Chase Bank, National Association",
37500,SEAT COMFORT SYSTEMS,212 Technology Drive,Irvine,CA,84098,333415,Corporation,Unanswered,Unanswered,Unanswered,,0,5/1/2020,Celtic Bank Corporation,UT-01
37267,PREMIUM MOVERS INC.,2020 29th St,SACRAMENTO,CA,95281,488210,Subchapter S Corporation,Unanswered,Unanswered,Unanswered,,4,5/1/2020,"JPMorgan Chase Bank, National Association",
33880,CHILLER SERVICES REFRIGERANT RECOVERY RECLAMATION LLC,13564 Imperial Hwy,SANTA FE SPRINGS,CA,90671,423740,Limited Liability Partnership,Unanswered,Unanswered,Unanswered,,2,5/1/2020,"JPMorgan Chase Bank, National Association",
32982.5,GRACE MABALOT DBA NONE,1800 TOWN CENTER DRIVE SUITE 300,OXNARD,CA,93056,561492,Sole Proprietorship,Unanswered,Unanswered,Unanswered,,1,5/1/2020,"MUFG Union Bank, National Association",
31562,"AMAZING HEARING, INC.",N/A,N/A,CA,,,Corporation,Unanswered,Unanswered,Unanswered,,5,5/1/2020,"JPMorgan Chase Bank, National Association",
30500,ORANGE COUNTY ARCHERY LLC,N/A,N/A,CA,,451110,Limited  Liability Company(LLC),Unanswered,Unanswered,Unanswered,,7,5/1/2020,"JPMorgan Chase Bank, National Association",
30021,RAGTIME INC,12685 VAN NUYS BLVD,PACOIMA,CA,90331,532299,Corporation,Unanswered,Male Owned,Non-Veteran,,,5/1/2020,"Wells Fargo Bank, National Association",
29806,"MID-FLOOR SYSTEMS, INC",23100 BAXTER RD,WILDOMAR,CA,92595,,Corporation,Unanswered,Unanswered,Unanswered,,2,5/1/2020,"Bank of America, National Association",NV-02
29036,CHAPMAN BOARD AND CARE,10811 CHAPMAN AVE,GARDEN GROVE,CA,92820,623110,Corporation,Unanswered,Male Owned,Non-Veteran,,,5/1/2020,"Wells Fargo Bank, National Association",
28870,LIFELINE LEGAL LLP,9665 CHESAPEAKE DR STE 345,SAN DIEGO,CA,92723,541110,Limited Liability Partnership,Unanswered,Male Owned,Non-Veteran,,3,5/1/2020,"MUFG Union Bank, National Association",
28300,LAW OFFICES OF GREGORY S. PAGE,"34932 Calle del Sol, Suite C",Dana Point,CA,92426,541110,Sole Proprietorship,Unanswered,Unanswered,Unanswered,,2,5/1/2020,"Zions Bank, A Division of",
26880,MAYIM CORPORATION DBA SUDZ LAUNDRY DBA S,N/A,N/A,CA,,,Subchapter S Corporation,Unanswered,Unanswered,Unanswered,,8,5/1/2020,"JPMorgan Chase Bank, National Association",
26445,"LADYBUG MUSIC, INC",12215 Ventura Blvd #114,Studio City,CA,91804,611699,Subchapter S Corporation,Unanswered,Unanswered,Unanswered,,3,5/1/2020,WebBank,
26280,"HOVERCAST, INC.",800 Wilshire Blvd,LOS ANGELES,CA,90017,511210,Corporation,Unanswered,Unanswered,Unanswered,,3,4/9/2020,Silicon Valley Bank,NY-10
24660,HENRY KUBOW DBA KUBOW & ASSOCIATES,"1100 W SHAW AVE, SUITE 124",FRESNO,CA,63711,541310,Sole Proprietorship,Unanswered,Unanswered,Unanswered,,2,5/1/2020,"MUFG Union Bank, National Association",
22599,DUFFY'S LA HABRA,531 E IMPERIAL HIGHWAY,LA HABRA,CA,90361,921110,Corporation,Unanswered,Unanswered,Unanswered,,,5/1/2020,"Wells Fargo Bank, National Association",
21389,XAVIA PROPERTIES,1326 SHORELINE DR,SANTA BARBARA,CA,93019,531120,Sole Proprietorship,Unanswered,Unanswered,Unanswered,,,5/1/2020,"Wells Fargo Bank, National Association",
20833.32,"PELAGIC RESEARCH SERVICES, LLC",6 Harbor Way #225,SANTA BARBARA,CA,93109,541990,Limited  Liability Company(LLC),Unanswered,Unanswered,Unanswered,,1,4/27/2020,American Riviera Bank,MA-09
20833,QUONE USA INC,3635 ELLIOTT STREET,SAN DIEGO,CA,29106,561990,Corporation,Unanswered,Unanswered,Unanswered,,,5/1/2020,"Wells Fargo Bank, National Association",
20800,MARA I HAMPTON,2315 Alta Vista,Newport Beach,CA,92600,,Independent Contractors,Unanswered,Unanswered,Unanswered,,1,5/1/2020,"Zions Bank, A Division of",
20355,"HILL STREET CREATIVE, INC",,Burbank,CA,59034,722511,Subchapter S Corporation,Unanswered,Unanswered,Unanswered,,1,5/1/2020,TCF National Bank,MT-
20000,HOPE FOR LIFE MINISTRIES,9853 N 48TH PL,PARADISE VALLEY,CA,85253,813110,Subchapter S Corporation,Unanswered,Unanswered,Unanswered,,1,5/1/2020,"JPMorgan Chase Bank, National Association",AZ-06
19755,DAVID RANCE INTERIORS,2321 E 4TH STREET,SANTA ANA,CA,29705,541410,Sole Proprietorship,Unanswered,Unanswered,Unanswered,,,5/1/2020,"Wells Fargo Bank, National Association",
19500,"RAZAVI LAW GROUP, A PROFESSIONAL CORPORATION",23052-H Alicia Parkway Ste 101,MISSION VIEJO,CA,92692,541110,Subchapter S Corporation,Unanswered,Unanswered,Unanswered,,6,5/1/2020,"JPMorgan Chase Bank, National Association",
19187,GAME SEVEN LLC,1306 Kingsdale Ave,Redondo Beach,CA,20278,713940,Limited  Liability Company(LLC),Unanswered,Unanswered,Unanswered,,1,5/1/2020,WebBank,
18755,RICHARD HANSON,N/A,N/A,CA,,311421,Sole Proprietorship,Unanswered,Unanswered,Unanswered,,1,5/1/2020,"JPMorgan Chase Bank, National Association",
18527,JR AND D CORPORATION,N/A,N/A,CA,,561990,Corporation,Unanswered,Unanswered,Unanswered,,4,5/1/2020,"JPMorgan Chase Bank, National Association",
16458,"GOD WILLING INVESTEMENT, INC",1750 CREEKSIDE OAKS DR . SUITE 170,SACRAMENTO,CA,95533,523910,Corporation,Unanswered,Unanswered,Unanswered,,,5/1/2020,"Wells Fargo Bank, National Association",
15809,TORRIJOS FAMILY CHIROPRACTIC INC,8678 19TH ST. #130,RANCHO CUCAMONGA,CA,91707,621310,Corporation,Unanswered,Male Owned,Non-Veteran,,,5/1/2020,"Wells Fargo Bank, National Association",
15696,PEER MEDICAL INC,232 SAN CARLOS STREET,SAN FRANCISCO,CA,94410,,Corporation,Unanswered,Unanswered,Unanswered,,,5/1/2020,"Wells Fargo Bank, National Association",
15587,SPARKLES LAUNDRY LLC,N/A,N/A,CA,,812310,Limited  Liability Company(LLC),Unanswered,Unanswered,Unanswered,,5,5/1/2020,"JPMorgan Chase Bank, National Association",
15500,"BRIDGE CONSULTANTS, INC.",318 AVENUE I #137,REDONDO BEACH,CA,90227,541618,Corporation,Unanswered,Unanswered,Unanswered,,2,5/1/2020,"MUFG Union Bank, National Association",
15000,"ALENCAR CONSULTING, INC.",N/A,N/A,CA,,,Subchapter S Corporation,Unanswered,Unanswered,Unanswered,,2,5/1/2020,"JPMorgan Chase Bank, National Association",
14912,"UNIQUE STONE &#X26; TILE, INC",7669 NE DAY RD,BAINBRIDGE ISLAND,CA,98110,,Corporation,Unanswered,Unanswered,Unanswered,,3,5/1/2020,"MUFG Union Bank, National Association",WA-06
14650,JACQUELINE SHOCKLEY,412 Owen Street,SANTA CRUZ,CA,95062,531210,Sole Proprietorship,Unanswered,Unanswered,Unanswered,,0,4/28/2020,Santa Cruz County Bank,HI-02
14540,MISION VITAL,17605 FABRICA WAY,CERRITOS,CA,91703,999990,Corporation,Unanswered,Unanswered,Unanswered,,3,5/1/2020,"Bank of America, National Association",
14212,"REAL ALCHEMY HOLDINGS, LLC",177 S. Waterwheel Way,ORANGE,CA,92669,551112,Limited  Liability Company(LLC),Unanswered,Unanswered,Unanswered,,1,5/1/2020,"JPMorgan Chase Bank, National Association",
13750,FOOTHILL ONE STOP INCORPORATED,1225 E 1400 N,LOGAN,CA,94341,,Corporation,Unanswered,Unanswered,Unanswered,,,5/1/2020,"Wells Fargo Bank, National Association",
13680,TALKTAX INC,3550 WATT AVE 110,SACRAMENTO,CA,94821,541213,Corporation,Unanswered,Unanswered,Unanswered,,,5/1/2020,"Wells Fargo Bank, National Association",
13542,EMPAME BUSSINESS INC,220 W 1ST STE 101,SANTA ANA,CA,97203,999990,Corporation,Unanswered,Unanswered,Unanswered,,,5/1/2020,"Wells Fargo Bank, National Association",OR-03
13540,MAXWELL SCOTT,N/A,N/A,CA,,999990,Sole Proprietorship,Unanswered,Unanswered,Unanswered,,1,5/1/2020,"JPMorgan Chase Bank, National Association",
13520,"GREENIRON CONSTRUCTS, INC",3200 AIRPORT AVE SUITE 20,SANTA MONICA,CA,98405,236115,Corporation,Unanswered,Unanswered,Unanswered,,1,5/1/2020,"MUFG Union Bank, National Association",WA-06
13317,TAWNY BURNS REALTOR,11 Newell Court,Walnut Creek,CA,94594,,Sole Proprietorship,Unanswered,Unanswered,Unanswered,,1,5/1/2020,WebBank,
12500,INTEGRATIVE IMPACT LLC,N/A,N/A,CA,,999990,Limited  Liability Company(LLC),Unanswered,Unanswered,Unanswered,,1,5/1/2020,"JPMorgan Chase Bank, National Association",
12412,"HUMAN NATURE, LLC",1356 Pacific Street,BROOKLYN,CA,11216,446191,Limited  Liability Company(LLC),Unanswered,Unanswered,Unanswered,,2,5/1/2020,"JPMorgan Chase Bank, National Association",NY-08
11575,GRANKO LIMITED PARTNERSHIP,8966 H Garvey Avenue,Rosemead,CA,85226,531210,Partnership,Unanswered,Unanswered,Unanswered,,1,5/1/2020,WebBank,AZ-09
10560,LUIS G. CORTEZ DBA L.G. CORTEZ INSURANCE AGENCY,18002 Irvine Blvd,TUSTIN,CA,92789,,Sole Proprietorship,Unanswered,Unanswered,Unanswered,,1,5/1/2020,"JPMorgan Chase Bank, National Association",
9370,RICHARD FRACCALVIERI DBA A QUIET PLACE FLOATATION SPA,1525 GRAND AVE,SAN MARCOS,CA,98078,,Sole Proprietorship,Unanswered,Unanswered,Unanswered,,1,5/1/2020,"MUFG Union Bank, National Association",
9218,SERENITE INTERIORS BY LAURA DOWNING,1177 IDAHO ST,REDLANDS,CA,92574,999990,Corporation,Unanswered,Unanswered,Unanswered,,,5/1/2020,"Wells Fargo Bank, National Association",
7500,"LUDWICK LAW GROUP, P.S.",11005 MAIN STREET,BELLEVUE,CA,98004,541110,Corporation,Unanswered,Unanswered,Unanswered,,1,5/1/2020,"MUFG Union Bank, National Association",WA-09
7386,ASURENT HOLDINGS INC,2140 MAIN ST,RED BLUFF,CA,98060,561110,Corporation,Unanswered,Unanswered,Unanswered,,,5/1/2020,"Wells Fargo Bank, National Association",
7365,WEC SERVICES INC,26610 AGOURA ROAD SUITE 120,CALABASAS,CA,92302,,Corporation,Unanswered,Unanswered,Unanswered,,,5/1/2020,"Wells Fargo Bank, National Association",
7025,GUSTAVO LOPEZ DBA ROYALTY INSURANCE SERVICES,7904 BROADWAY,LEMON GROVE,CA,61946,,Sole Proprietorship,Unanswered,Unanswered,Unanswered,,2,5/1/2020,"MUFG Union Bank, National Association",
5038,COOP DESIGN HOUSE,2619 SANTA ANA AVENUE,COSTA MESA,CA,94627,,Sole Proprietorship,Unanswered,Unanswered,Unanswered,,1,5/1/2020,"Bank of America, National Association",
5000,"SOUTHWEST PAINT PRODUCTS, INC.",13308 Midland Rd.,POWAY,CA,62064,325510,Subchapter S Corporation,Unanswered,Unanswered,Unanswered,,2,5/1/2020,"JPMorgan Chase Bank, National Association",
4899,CANAAN SECURITY SERVICES,9876 FARMINGTON ST.,HESPERIA,CA,82344,,Corporation,Unanswered,Unanswered,Unanswered,,,5/1/2020,"Wells Fargo Bank, National Association",
4582,STACY HARVEY JR,1225 e hacienda ave 23,Las Vegas,CA,89119,,Sole Proprietorship,Unanswered,Unanswered,Unanswered,,1,5/1/2020,WebBank,NV-01
4166,LOAN ONE FINANCIAL SERIVCES,1875 olympic blvd,walnut creek,CA,95496,,Self-Employed Individuals,Unanswered,Unanswered,Unanswered,,1,5/1/2020,Customers Bank,
3000,TAMARA S TANGHERLINI DBA YOUNIQUE FITNES,10838 Bell Ct,RANCHO CUCAMONGA,CA,91370,,Sole Proprietorship,Unanswered,Unanswered,Unanswered,,0,5/1/2020,"JPMorgan Chase Bank, National Association",
2707,SIGN GROUP,N/A,N/A,CA,,541890,Subchapter S Corporation,Unanswered,Unanswered,Unanswered,,1,5/1/2020,"JPMorgan Chase Bank, National Association",
1250,REIGN ELECTRIC SERVICES AND SYSTEMS INC,27758 SANTA MARGARITA PKWY NO. 314,SHAHRIAR SADDEGHI,CA,92269,238210,Corporation,Unanswered,Unanswered,Unanswered,,1,5/1/2020,"Bank of America, National Association",
147500,"JANETTE PINEDO D.D.S., INC",3400 LOMITA BLVD STE 406,TORRANCE,CO,90505,621210,Subchapter S Corporation,Unanswered,Unanswered,Unanswered,,17,5/1/2020,"MUFG Union Bank, National Association",CA-33
127779,KELLY BRADSHAW,BRADSHAW CONSTRUCTION,LA QUINTA,CO,92253,,Corporation,Unanswered,Unanswered,Unanswered,,7,5/1/2020,"Bank of America, National Association",CA-36
98833.15,"LAMAR'S DONUTS OMAHA, LLC",17202 Audrey Street,Omaha,CO,68136,445291,Limited  Liability Company(LLC),Unanswered,Unanswered,Unanswered,,25,5/1/2020,TCF National Bank,NE-02
95000,PASTIS LLC,447 S CALIFORNIA AVE,PALO ALTO,CO,94306,722511,Limited  Liability Company(LLC),Unanswered,Unanswered,Unanswered,,12,5/1/2020,"MUFG Union Bank, National Association",CA-18
69215,J FITZ LANDSCAPING INC,54 COLUMBINE CIRCLE,AVON,CO,81260,,Corporation,Unanswered,Unanswered,Unanswered,,,5/1/2020,"Wells Fargo Bank, National Association",
62535,"CREATIVE THINKING, INC.",100 FOURTH STREET,PETALUMA,CO,94952,,Corporation,Unanswered,Unanswered,Unanswered,,3,5/1/2020,"MUFG Union Bank, National Association",CA-02
57700,MEDINA ROBERT EADES,27545 Valley Center Rd,Valley Center,CO,92082,236115,Sole Proprietorship,Unanswered,Unanswered,Unanswered,,,5/1/2020,"Zions Bank, A Division of",CA-50
50000,"JAVA NAILS &AMP; SPA, LLC.",N/A,N/A,CO,,812113,Limited  Liability Company(LLC),Unanswered,Unanswered,Unanswered,,7,5/1/2020,"JPMorgan Chase Bank, National Association",
42100,DKRSD INC,3773 avocado blvd,la mesa,CO,91941,999990,Corporation,Unanswered,Unanswered,Unanswered,,9,5/1/2020,"Zions Bank, A Division of",CA-53
41782,"CPH ENTERPRISES, INC.",25124 Springfield Court,VALENCIA,CO,91355,541618,Subchapter S Corporation,Unanswered,Unanswered,Unanswered,,3,5/1/2020,"JPMorgan Chase Bank, National Association",CA-25
36805,"CHRISTOPHER B. LIN, M.D., INC. A PROFESSIONAL CORPORATION","27725 SANTA MARGARITA PKWY, SUITE 225",MISSION VIEJO,CO,92691,621111,Corporation,Unanswered,Unanswered,Unanswered,,3,5/1/2020,"MUFG Union Bank, National Association",CA-45
30000,"SYNTIRO NETWORKS, INC",19410 Kershaw Ct,Colorado Springs,CO,59034,541512,Subchapter S Corporation,Unanswered,Unanswered,Unanswered,,2,5/1/2020,TCF National Bank,MT-
27840,MARY DAHL DBA NONE,977 PACIFIC ST STE A,MONTEREY,CO,93940,,Sole Proprietorship,Unanswered,Female Owned,Veteran,,5,5/1/2020,"MUFG Union Bank, National Association",CA-20
27622,JEFFREY FROSIO DBA FROSIO PLUMBING,7815 TANGLEROD LN,LA MESA,CO,91942,238220,Sole Proprietorship,Unanswered,Unanswered,Unanswered,,4,5/1/2020,"MUFG Union Bank, National Association",CA-53
25300,KAMLET LLP,"3900 E. Mcxico Ave., Suite 300",Denver,CO,85021,541110,Limited Liability Partnership,Unanswered,Unanswered,Unanswered,,1,5/1/2020,"Zions Bank, A Division of",AZ-07
25000,SOUTHCO TIRE LLC,519 NORTH UNION BLVD,COLO SPGS,CO,59034,441320,Subchapter S Corporation,Unanswered,Unanswered,Unanswered,,4,5/1/2020,TCF National Bank,MT-
25000,BLAKE BRONSTAD DBA BLAKE BRONSTAD PHOTOGRAPHY,501 ALAMEDA PADRE SERRA,SANTA BARBARA,CO,93103,,Sole Proprietorship,Unanswered,Unanswered,Unanswered,,1,5/1/2020,"MUFG Union Bank, National Association",CA-24
21900,CRANE ENTERPRISES INC,1120 North Circle Dr,COLORADO SPRINGS,CO,80909,541511,Subchapter S Corporation,Unanswered,Unanswered,Unanswered,,2,5/1/2020,"Newtek Small Business Finance, Inc.",
15250,LASER NURSING MANAGEMENT INC.,1350 E. LOS ANGELES AVE,SIMI VALLEY,CO,93065,623110,Corporation,Unanswered,Unanswered,Unanswered,,2,5/1/2020,"MUFG Union Bank, National Association",CA-26
5167.5,BAGALAMUKHI LLC,83 Raffia RD,Enfield,CO,6082,999990,Subchapter S Corporation,Unanswered,Unanswered,Unanswered,,1,5/1/2020,TCF National Bank,CT-02
2147,KJARRETT INC.,2350 FORD RD,NEWPORT BEACH,CO,92660,999990,Corporation,Unanswered,Unanswered,Unanswered,,1,5/1/2020,"Bank of America, National Association",CA-48
2145,NURSING PRACTITIONER ASSOCIATES CORP,8350 POOLE AVE,SUN VALLEY,CO,91352,813920,Corporation,Unanswered,Unanswered,Unanswered,,2,5/1/2020,"MUFG Union Bank, National Association",CA-28
132916,"BLUE SAND SECURITIES, LLC-SBA SMALL 7A TERM",15211 N Kierland Blvd Ste 240,Scottsdale AZ,CT,85254,,Limited  Liability Company(LLC),Unanswered,Unanswered,Unanswered,,0,5/1/2020,"TD Bank, National Association",AZ-06
130000,"AZ POWER, INC.",5601 W Slauson Ave.,CULVER CITY,CT,90230,999990,Corporation,Unanswered,Unanswered,Unanswered,,11,5/1/2020,"JPMorgan Chase Bank, National Association",CA-37
128456,MARCUS LAW FIRM,275 BRANFORD ROAD,NORTH BRANFORD,CT,64710,541110,,Unanswered,Unanswered,Unanswered,,8,5/1/2020,KeyBank National Association,
115000,"ATLANTIC COAST FULFILLMENT, INC.","57 Dodge Ave, # 3",North Haven,CT,12345,561990,Partnership,Unanswered,Unanswered,Unanswered,,9,5/1/2020,KeyBank National Association,NY-20
101000,"G &AMP; R MARINE UNLIMITED, LLC",44 Kimberly Drive,SOUTH WINDSOR,CT,11111,441222,Limited  Liability Company(LLC),Unanswered,Unanswered,Unanswered,,10,5/1/2020,KeyBank National Association,
68264.58,WASHINGTON HEART AND VASCULAR CENTER-SBA SMALL 7A TERM,106 Irving St NW,WASHINGTON,CT,20010,621111,Limited  Liability Company(LLC),Unanswered,Male Owned,Non-Veteran,,0,5/1/2020,"TD Bank, National Association",DC-
33800,"PURFX, INC.",69 Westbrook Industrial Park,Westbrook,CT,16498,334416,Subchapter S Corporation,Unanswered,Unanswered,Unanswered,,5,5/1/2020,KeyBank National Association,
28600,"PALCO CONSTRUCTION, L.L.C.",63 Augur Rd Ext,Northford,CT,12345,236118,Limited  Liability Company(LLC),Unanswered,Unanswered,Unanswered,,2,5/1/2020,KeyBank National Association,NY-20
28168,CIDERJACKS LLC,83 Salmon Brook Street,GRANBY,CT,6035,722511,Limited  Liability Company(LLC),Unanswered,Unanswered,Unanswered,,8,5/1/2020,Customers Bank,
27282,LAW OFFICE OF MICHAEL G BEEBE,150 WEST MAIN STREET,BRANFORD,CT,22222,541110,,Unanswered,Unanswered,Unanswered,,2,5/1/2020,KeyBank National Association,
26100,KRIS HARDY INC,512 PINEVIEW CT,MARTINEZ,CT,30907,531320,Subchapter S Corporation,Unanswered,Unanswered,Unanswered,,2,5/1/2020,Synovus Bank,GA-12
25000,"CARTER MCBRIDE, LLC",14 Katrina Circle,Bethel,CT,12345,999990,Limited  Liability Company(LLC),Unanswered,Unanswered,Unanswered,,1,5/1/2020,KeyBank National Association,NY-20
25000,ART N ASH INC-SBA SMALL 7A TERM,106 Watchung Av,plainfield,CT,7060,,Corporation,Unanswered,Unanswered,Unanswered,,0,5/1/2020,"TD Bank, National Association",NJ-12
21925,FRESH YOGA LLC,319 Peck St,New Haven,CT,65130,611620,Limited  Liability Company(LLC),Unanswered,Unanswered,Unanswered,,1,5/1/2020,KeyBank National Association,
20832,"MADBAR, LLC",4162 HOOKER ST,DENVER,CT,80211,541611,Limited  Liability Company(LLC),Unanswered,Unanswered,Unanswered,,1,5/1/2020,"JPMorgan Chase Bank, National Association",CO-01
20830,"BRATTICE ADVISORS, LLC",496 Northumberland Rd,TEANECK,CT,7666,,Limited  Liability Company(LLC),Unanswered,Unanswered,Unanswered,,1,5/1/2020,"JPMorgan Chase Bank, National Association",NJ-05
17750,COAST ATHLETIC INC,"184 Summer St, #2106",STAMFORD,CT,10538,713940,Corporation,Unanswered,Male Owned,Non-Veteran,,2,5/1/2020,"JPMorgan Chase Bank, National Association",NY-16
17337,JAYMS II ENTERPRISES LLC-SBA SMALL 7A TERM,929 Washington St,Middletown,CT,5457,,Limited  Liability Company(LLC),Unanswered,Unanswered,Unanswered,,0,5/1/2020,"TD Bank, National Association",VT-
13390,DAVID J. ISENSTADT,365 Highland Ave.,Cheshire,CT,16410,,,Unanswered,Unanswered,Unanswered,,1,5/1/2020,KeyBank National Association,PA-16
12500,SIRIUS SOLUTIONS INC,370 Mine Hill Road,Fairfield,CT,6430,999990,Subchapter S Corporation,Unanswered,Male Owned,Unanswered,,1,5/1/2020,WebBank,
10000,"ELSIE ENCARNACION INSURANCE AND FINANCIAL SERVICES, INC.",487A Campbell Ave,West Haven,CT,65160,524126,,Unanswered,Unanswered,Unanswered,,5,5/1/2020,KeyBank National Association,
6000,LISA SMART,63 High Street,Suffield,CT,60780,,,Unanswered,Unanswered,Unanswered,,1,5/1/2020,KeyBank National Association,
2792,GALERIE 888 LLC-SBA SMALL 7A TERM,89 Greenwich Avenue,Greenwich,CT,8850,,Limited  Liability Company(LLC),Unanswered,Unanswered,Unanswered,,0,5/1/2020,"TD Bank, National Association",NJ-12
100500,WOMAN'S NATIONAL DEMOCRATIC CLUB,1526 New Hampshire Ave NW,Washington,DC,20815,713940,Subchapter S Corporation,Unanswered,Unanswered,Unanswered,,7,5/1/2020,"Newtek Small Business Finance, Inc.",MD-08
50721.02,"EUBANKS & ASSOCIATES, LLC",1331 H Street NW,WASHINGTON,DC,20005,541110,Limited  Liability Company(LLC),White,Male Owned,Unanswered,,4,4/28/2020,Cache Bank & Trust,CO-02
20000,MCBETH ENTERPRISE-SBA SMALL 7A TERM,1629 K Street NW,Washington,DC,20735,,Corporation,Unanswered,Unanswered,Unanswered,,0,5/1/2020,"TD Bank, National Association",MD-05
10565,MAXIM FOOD CORP,2141 K Street NW,Washington,DC,22037,,Corporation,Unanswered,Unanswered,Unanswered,,0,5/1/2020,"TD Bank, National Association",VA-08
31237.5,JOCABED INC,624 S GATEWAY DR,MEDERA,DE,93638,,Corporation,Unanswered,Unanswered,Unanswered,,10,5/1/2020,"MUFG Union Bank, National Association",CA-16
26765,CYPRESS BROAD LLC,1013 Centre Road,Wilmington,DE,26765,,Limited  Liability Company(LLC),Unanswered,Unanswered,Unanswered,,2,5/1/2020,KeyBank National Association,
18900,"S.B. ELECTRIC, LLC",2404 3rd ave,Upper Chichester,DE,19061,,Corporation,Unanswered,Unanswered,Unanswered,,0,5/1/2020,"TD Bank, National Association",PA-05
8335,DANIEL VILLAZON PA,5728 MAJOR BLVD STE 535,ORLANDO,DE,32819,541110,Corporation,Unanswered,Male Owned,Non-Veteran,,1,5/1/2020,"Bank of America, National Association",FL-10
6300,LISA C. JACKSON,47 O ROURKE CT,NEWARK,DE,19702,812112,Self-Employed Individuals,Unanswered,Unanswered,Unanswered,,1,7/21/2020,First Resource Bank,PA-06
42100,"PSP INDUSTRIAL LAUNDRY EQUIPMENT, LLC",2700 Gateway Drive,Pompano Beach,FI,33069,333318,Limited  Liability Company(LLC),Unanswered,Unanswered,Unanswered,,4,5/1/2020,"Citibank, N.A.",FL-22
120521,C AND S DRYWALL COMPANY INC,5068 FORSYTH COMMERCE ROAD,ORLANDO,FL,32870,238310,Corporation,Unanswered,Unanswered,Unanswered,,,5/1/2020,"Wells Fargo Bank, National Association",
116591,WBBII LLC,9858 CLINT MOORE RD C122,BOCA RATON,FL,11496,,Limited  Liability Company(LLC),Unanswered,Unanswered,Unanswered,,,5/1/2020,"Wells Fargo Bank, National Association",
